p1_alleles,p2_alleles,p1_dominant,p2_dominant,child_alleles,child_dominant
aa,AA,0,1,Aa,1
aa,Aa,0,1,Aa,1
AA,aa,1,0,Aa,1
aa,aa,0,0,aa,0
Aa,AA,1,1,Aa,1
aa,aa,0,0,aa,0
aa,aa,0,0,aa,0
aa,aa,0,0,aa,0
AA,AA,1,1,AA,1
aa,AA,0,1,Aa,1
aa,Aa,0,1,Aa,1
AA,aa,1,0,Aa,1
aa,aa,0,0,aa,0
Aa,AA,1,1,AA,1
aa,AA,0,1,Aa,1
Aa,AA,1,1,AA,1
aa,Aa,0,1,aa,0
AA,aa,1,0,Aa,1
aa,Aa,0,1,aa,0
Aa,aa,1,0,aa,0
Aa,aa,1,0,Aa,1
aa,AA,0,1,Aa,1
aa,aa,0,0,aa,0
AA,aa,1,0,Aa,1
Aa,aa,1,0,aa,0
aa,Aa,0,1,Aa,1
Aa,AA,1,1,AA,1
Aa,aa,1,0,Aa,1
AA,aa,1,0,Aa,1
AA,aa,1,0,Aa,1
aa,AA,0,1,Aa,1
aa,AA,0,1,Aa,1
aa,Aa,0,1,Aa,1
aa,aa,0,0,aa,0
AA,AA,1,1,AA,1
Aa,Aa,1,1,Aa,1
aa,aa,0,0,aa,0
aa,AA,0,1,Aa,1
AA,aa,1,0,Aa,1
aa,aa,0,0,aa,0
AA,aa,1,0,Aa,1
aa,AA,0,1,Aa,1
aa,aa,0,0,aa,0
Aa,Aa,1,1,AA,1
AA,aa,1,0,Aa,1
aa,Aa,0,1,aa,0
aa,aa,0,0,aa,0
AA,aa,1,0,Aa,1
aa,aa,0,0,aa,0
aa,aa,0,0,aa,0
AA,aa,1,0,Aa,1
Aa,AA,1,1,AA,1
AA,AA,1,1,AA,1
Aa,AA,1,1,AA,1
aa,AA,0,1,Aa,1
aa,Aa,0,1,aa,0
aa,AA,0,1,Aa,1
aa,aa,0,0,aa,0
aa,Aa,0,1,Aa,1
aa,AA,0,1,Aa,1
aa,aa,0,0,aa,0
aa,aa,0,0,aa,0
AA,aa,1,0,Aa,1
aa,Aa,0,1,aa,0
AA,AA,1,1,AA,1
aa,AA,0,1,Aa,1
aa,aa,0,0,aa,0
AA,aa,1,0,Aa,1
aa,Aa,0,1,aa,0
Aa,Aa,1,1,aa,0
aa,aa,0,0,aa,0
aa,Aa,0,1,aa,0
AA,Aa,1,1,Aa,1
aa,aa,0,0,aa,0
AA,AA,1,1,AA,1
AA,aa,1,0,Aa,1
AA,Aa,1,1,AA,1
Aa,Aa,1,1,AA,1
aa,aa,0,0,aa,0
Aa,AA,1,1,Aa,1
aa,AA,0,1,Aa,1
AA,aa,1,0,Aa,1
aa,aa,0,0,aa,0
AA,Aa,1,1,AA,1
AA,aa,1,0,Aa,1
aa,aa,0,0,aa,0
Aa,aa,1,0,aa,0
aa,Aa,0,1,aa,0
Aa,AA,1,1,Aa,1
aa,aa,0,0,aa,0
Aa,Aa,1,1,AA,1
aa,Aa,0,1,aa,0
AA,aa,1,0,Aa,1
Aa,aa,1,0,aa,0
aa,aa,0,0,aa,0
AA,Aa,1,1,AA,1
aa,aa,0,0,aa,0
Aa,aa,1,0,Aa,1
aa,Aa,0,1,aa,0
aa,AA,0,1,Aa,1
AA,Aa,1,1,AA,1
Aa,aa,1,0,aa,0
aa,aa,0,0,aa,0
Aa,Aa,1,1,aa,0
aa,Aa,0,1,aa,0
aa,aa,0,0,aa,0
Aa,aa,1,0,Aa,1
AA,aa,1,0,Aa,1
AA,aa,1,0,Aa,1
aa,aa,0,0,aa,0
AA,AA,1,1,AA,1
aa,AA,0,1,Aa,1
aa,aa,0,0,aa,0
Aa,AA,1,1,Aa,1
AA,aa,1,0,Aa,1
Aa,aa,1,0,aa,0
aa,aa,0,0,aa,0
AA,aa,1,0,Aa,1
AA,aa,1,0,Aa,1
AA,aa,1,0,Aa,1
aa,AA,0,1,Aa,1
aa,aa,0,0,aa,0
Aa,Aa,1,1,AA,1
aa,Aa,0,1,aa,0
Aa,aa,1,0,aa,0
aa,aa,0,0,aa,0
aa,aa,0,0,aa,0
aa,aa,0,0,aa,0
aa,AA,0,1,Aa,1
Aa,aa,1,0,aa,0
AA,aa,1,0,Aa,1
Aa,AA,1,1,Aa,1
Aa,aa,1,0,aa,0
AA,aa,1,0,Aa,1
aa,AA,0,1,Aa,1
AA,aa,1,0,Aa,1
aa,Aa,0,1,aa,0
AA,aa,1,0,Aa,1
aa,AA,0,1,Aa,1
aa,aa,0,0,aa,0
aa,aa,0,0,aa,0
AA,aa,1,0,Aa,1
Aa,aa,1,0,Aa,1
AA,Aa,1,1,Aa,1
aa,aa,0,0,aa,0
AA,aa,1,0,Aa,1
Aa,aa,1,0,aa,0
AA,AA,1,1,AA,1
aa,Aa,0,1,Aa,1
AA,Aa,1,1,AA,1
aa,AA,0,1,Aa,1
aa,Aa,0,1,Aa,1
aa,Aa,0,1,Aa,1
Aa,Aa,1,1,Aa,1
Aa,AA,1,1,Aa,1
aa,Aa,0,1,aa,0
aa,Aa,0,1,aa,0
AA,AA,1,1,AA,1
AA,AA,1,1,AA,1
Aa,aa,1,0,Aa,1
Aa,Aa,1,1,aa,0
AA,AA,1,1,AA,1
Aa,AA,1,1,Aa,1
aa,Aa,0,1,Aa,1
aa,AA,0,1,Aa,1
Aa,aa,1,0,Aa,1
aa,aa,0,0,aa,0
aa,aa,0,0,aa,0
AA,Aa,1,1,Aa,1
aa,aa,0,0,aa,0
AA,aa,1,0,Aa,1
aa,aa,0,0,aa,0
AA,Aa,1,1,Aa,1
Aa,aa,1,0,Aa,1
aa,aa,0,0,aa,0
aa,aa,0,0,aa,0
Aa,AA,1,1,Aa,1
aa,AA,0,1,Aa,1
aa,aa,0,0,aa,0
Aa,AA,1,1,Aa,1
aa,aa,0,0,aa,0
aa,AA,0,1,Aa,1
AA,Aa,1,1,Aa,1
AA,aa,1,0,Aa,1
AA,aa,1,0,Aa,1
aa,aa,0,0,aa,0
aa,aa,0,0,aa,0
Aa,aa,1,0,Aa,1
AA,aa,1,0,Aa,1
aa,aa,0,0,aa,0
aa,Aa,0,1,Aa,1
aa,AA,0,1,Aa,1
aa,aa,0,0,aa,0
Aa,aa,1,0,aa,0
AA,aa,1,0,Aa,1
aa,AA,0,1,Aa,1
aa,Aa,0,1,aa,0
AA,AA,1,1,AA,1
aa,Aa,0,1,Aa,1
aa,aa,0,0,aa,0
aa,AA,0,1,Aa,1
AA,AA,1,1,AA,1
Aa,aa,1,0,Aa,1
Aa,aa,1,0,Aa,1
Aa,AA,1,1,AA,1
aa,aa,0,0,aa,0
aa,aa,0,0,aa,0
Aa,AA,1,1,Aa,1
aa,aa,0,0,aa,0
aa,Aa,0,1,Aa,1
Aa,AA,1,1,AA,1
aa,AA,0,1,Aa,1
Aa,AA,1,1,AA,1
aa,aa,0,0,aa,0
Aa,AA,1,1,AA,1
Aa,AA,1,1,Aa,1
aa,aa,0,0,aa,0
AA,AA,1,1,AA,1
aa,aa,0,0,aa,0
aa,Aa,0,1,Aa,1
aa,Aa,0,1,aa,0
aa,AA,0,1,Aa,1
Aa,AA,1,1,AA,1
Aa,Aa,1,1,AA,1
AA,Aa,1,1,Aa,1
AA,aa,1,0,Aa,1
AA,Aa,1,1,AA,1
aa,aa,0,0,aa,0
aa,AA,0,1,Aa,1
aa,aa,0,0,aa,0
aa,aa,0,0,aa,0
AA,aa,1,0,Aa,1
aa,AA,0,1,Aa,1
aa,AA,0,1,Aa,1
Aa,AA,1,1,AA,1
aa,Aa,0,1,aa,0
Aa,Aa,1,1,Aa,1
aa,Aa,0,1,aa,0
aa,aa,0,0,aa,0
Aa,aa,1,0,aa,0
Aa,aa,1,0,Aa,1
aa,aa,0,0,aa,0
aa,aa,0,0,aa,0
aa,aa,0,0,aa,0
aa,Aa,0,1,Aa,1
AA,aa,1,0,Aa,1
AA,aa,1,0,Aa,1
Aa,aa,1,0,aa,0
AA,Aa,1,1,Aa,1
aa,aa,0,0,aa,0
AA,Aa,1,1,Aa,1
AA,Aa,1,1,AA,1
aa,aa,0,0,aa,0
aa,aa,0,0,aa,0
AA,Aa,1,1,Aa,1
AA,aa,1,0,Aa,1
Aa,aa,1,0,Aa,1
aa,aa,0,0,aa,0
aa,AA,0,1,Aa,1
aa,aa,0,0,aa,0
AA,Aa,1,1,AA,1
aa,Aa,0,1,Aa,1
AA,Aa,1,1,AA,1
aa,aa,0,0,aa,0
Aa,Aa,1,1,AA,1
AA,aa,1,0,Aa,1
aa,AA,0,1,Aa,1
aa,aa,0,0,aa,0
aa,Aa,0,1,aa,0
aa,aa,0,0,aa,0
Aa,Aa,1,1,Aa,1
AA,Aa,1,1,AA,1
aa,aa,0,0,aa,0
AA,aa,1,0,Aa,1
aa,aa,0,0,aa,0
Aa,Aa,1,1,aa,0
Aa,AA,1,1,Aa,1
Aa,aa,1,0,aa,0
aa,aa,0,0,aa,0
AA,AA,1,1,AA,1
AA,aa,1,0,Aa,1
AA,aa,1,0,Aa,1
aa,Aa,0,1,aa,0
aa,Aa,0,1,Aa,1
aa,aa,0,0,aa,0
AA,aa,1,0,Aa,1
aa,AA,0,1,Aa,1
AA,aa,1,0,Aa,1
aa,AA,0,1,Aa,1
aa,AA,0,1,Aa,1
aa,aa,0,0,aa,0
AA,Aa,1,1,Aa,1
aa,Aa,0,1,aa,0
Aa,aa,1,0,Aa,1
aa,aa,0,0,aa,0
AA,Aa,1,1,AA,1
AA,Aa,1,1,Aa,1
aa,aa,0,0,aa,0
aa,Aa,0,1,aa,0
Aa,aa,1,0,aa,0
AA,aa,1,0,Aa,1
aa,AA,0,1,Aa,1
Aa,Aa,1,1,Aa,1
Aa,AA,1,1,Aa,1
AA,Aa,1,1,Aa,1
aa,AA,0,1,Aa,1
aa,Aa,0,1,aa,0
AA,AA,1,1,AA,1
aa,aa,0,0,aa,0
aa,aa,0,0,aa,0
aa,aa,0,0,aa,0
aa,Aa,0,1,aa,0
aa,Aa,0,1,aa,0
Aa,Aa,1,1,Aa,1
AA,AA,1,1,AA,1
aa,aa,0,0,aa,0
aa,Aa,0,1,Aa,1
AA,aa,1,0,Aa,1
Aa,AA,1,1,AA,1
aa,aa,0,0,aa,0
aa,AA,0,1,Aa,1
aa,Aa,0,1,Aa,1
AA,aa,1,0,Aa,1
AA,Aa,1,1,Aa,1
aa,Aa,0,1,Aa,1
Aa,AA,1,1,AA,1
AA,aa,1,0,Aa,1
AA,AA,1,1,AA,1
aa,aa,0,0,aa,0
AA,AA,1,1,AA,1
aa,AA,0,1,Aa,1
aa,aa,0,0,aa,0
aa,Aa,0,1,aa,0
Aa,aa,1,0,aa,0
Aa,Aa,1,1,aa,0
AA,AA,1,1,AA,1
aa,AA,0,1,Aa,1
AA,AA,1,1,AA,1
Aa,aa,1,0,Aa,1
AA,aa,1,0,Aa,1
aa,aa,0,0,aa,0
Aa,aa,1,0,Aa,1
Aa,Aa,1,1,AA,1
AA,aa,1,0,Aa,1
aa,aa,0,0,aa,0
aa,aa,0,0,aa,0
Aa,aa,1,0,Aa,1
aa,Aa,0,1,Aa,1
Aa,aa,1,0,Aa,1
AA,AA,1,1,AA,1
Aa,aa,1,0,Aa,1
Aa,AA,1,1,AA,1
aa,Aa,0,1,aa,0
aa,aa,0,0,aa,0
aa,aa,0,0,aa,0
Aa,Aa,1,1,Aa,1
aa,aa,0,0,aa,0
AA,aa,1,0,Aa,1
aa,aa,0,0,aa,0
AA,AA,1,1,AA,1
AA,aa,1,0,Aa,1
aa,Aa,0,1,Aa,1
aa,AA,0,1,Aa,1
Aa,aa,1,0,aa,0
Aa,aa,1,0,aa,0
Aa,aa,1,0,Aa,1
AA,aa,1,0,Aa,1
aa,AA,0,1,Aa,1
aa,aa,0,0,aa,0
AA,aa,1,0,Aa,1
aa,AA,0,1,Aa,1
aa,Aa,0,1,Aa,1
AA,aa,1,0,Aa,1
Aa,aa,1,0,aa,0
aa,AA,0,1,Aa,1
AA,aa,1,0,Aa,1
aa,Aa,0,1,aa,0
AA,aa,1,0,Aa,1
Aa,AA,1,1,Aa,1
aa,aa,0,0,aa,0
aa,Aa,0,1,aa,0
Aa,Aa,1,1,aa,0
Aa,AA,1,1,Aa,1
aa,AA,0,1,Aa,1
AA,aa,1,0,Aa,1
AA,aa,1,0,Aa,1
aa,aa,0,0,aa,0
aa,aa,0,0,aa,0
aa,Aa,0,1,Aa,1
aa,AA,0,1,Aa,1
Aa,Aa,1,1,aa,0
Aa,AA,1,1,Aa,1
aa,aa,0,0,aa,0
aa,Aa,0,1,Aa,1
aa,aa,0,0,aa,0
Aa,Aa,1,1,Aa,1
Aa,aa,1,0,aa,0
aa,Aa,0,1,aa,0
AA,aa,1,0,Aa,1
Aa,aa,1,0,aa,0
aa,aa,0,0,aa,0
Aa,aa,1,0,aa,0
aa,Aa,0,1,Aa,1
Aa,Aa,1,1,Aa,1
AA,aa,1,0,Aa,1
aa,aa,0,0,aa,0
aa,AA,0,1,Aa,1
aa,aa,0,0,aa,0
aa,AA,0,1,Aa,1
aa,AA,0,1,Aa,1
aa,Aa,0,1,aa,0
Aa,AA,1,1,Aa,1
Aa,AA,1,1,AA,1
AA,Aa,1,1,AA,1
aa,Aa,0,1,aa,0
AA,aa,1,0,Aa,1
Aa,aa,1,0,aa,0
aa,aa,0,0,aa,0
AA,Aa,1,1,Aa,1
Aa,aa,1,0,Aa,1
aa,aa,0,0,aa,0
Aa,aa,1,0,Aa,1
aa,aa,0,0,aa,0
aa,aa,0,0,aa,0
aa,aa,0,0,aa,0
aa,aa,0,0,aa,0
aa,Aa,0,1,aa,0
aa,AA,0,1,Aa,1
Aa,AA,1,1,AA,1
aa,aa,0,0,aa,0
aa,aa,0,0,aa,0
aa,aa,0,0,aa,0
aa,aa,0,0,aa,0
aa,aa,0,0,aa,0
aa,AA,0,1,Aa,1
Aa,aa,1,0,aa,0
Aa,aa,1,0,aa,0
aa,aa,0,0,aa,0
AA,Aa,1,1,AA,1
aa,AA,0,1,Aa,1
aa,Aa,0,1,Aa,1
aa,AA,0,1,Aa,1
aa,aa,0,0,aa,0
aa,Aa,0,1,aa,0
AA,aa,1,0,Aa,1
AA,Aa,1,1,AA,1
Aa,aa,1,0,Aa,1
aa,aa,0,0,aa,0
aa,aa,0,0,aa,0
aa,aa,0,0,aa,0
Aa,AA,1,1,Aa,1
aa,aa,0,0,aa,0
aa,AA,0,1,Aa,1
AA,aa,1,0,Aa,1
aa,AA,0,1,Aa,1
aa,aa,0,0,aa,0
AA,aa,1,0,Aa,1
aa,Aa,0,1,aa,0
Aa,aa,1,0,Aa,1
AA,aa,1,0,Aa,1
Aa,aa,1,0,aa,0
AA,AA,1,1,AA,1
aa,AA,0,1,Aa,1
Aa,aa,1,0,aa,0
aa,aa,0,0,aa,0
aa,Aa,0,1,aa,0
aa,AA,0,1,Aa,1
aa,Aa,0,1,Aa,1
Aa,aa,1,0,Aa,1
aa,aa,0,0,aa,0
Aa,aa,1,0,Aa,1
aa,aa,0,0,aa,0
aa,aa,0,0,aa,0
aa,aa,0,0,aa,0
aa,aa,0,0,aa,0
aa,aa,0,0,aa,0
Aa,AA,1,1,AA,1
aa,aa,0,0,aa,0
aa,aa,0,0,aa,0
aa,Aa,0,1,aa,0
Aa,aa,1,0,aa,0
aa,aa,0,0,aa,0
AA,aa,1,0,Aa,1
aa,aa,0,0,aa,0
aa,AA,0,1,Aa,1
Aa,aa,1,0,Aa,1
AA,Aa,1,1,AA,1
aa,aa,0,0,aa,0
Aa,aa,1,0,Aa,1
AA,AA,1,1,AA,1
aa,aa,0,0,aa,0
Aa,aa,1,0,Aa,1
AA,aa,1,0,Aa,1
aa,AA,0,1,Aa,1
AA,Aa,1,1,Aa,1
aa,Aa,0,1,aa,0
aa,aa,0,0,aa,0
aa,aa,0,0,aa,0
Aa,aa,1,0,Aa,1
aa,Aa,0,1,aa,0
